{
  "project_info": {
    "project_number": "654680003521",
    "project_id": "barcodescanner-226e3",
    "storage_bucket": "barcodescanner-226e3.appspot.com"
  },
  "client": [
    {
      "client_info": {
        "mobilesdk_app_id": "1:654680003521:android:42b55a08f2bb25998c5540",
        "android_client_info": {
          "package_name": "com.example.atomic.qrbarcodescanner"
        }
      },
      "oauth_client": [
        {
          "client_id": "654680003521-j30a28fivi4dni8b7vfpb25ovr4vbjfn.apps.googleusercontent.com",
          "client_type": 3
        }
      ],
      "api_key": [
        {
          "current_key": "AIzaSyCfdQ2sy6y0msZZUIkvTLTfiK5BB6NmfhE"
        }
      ],
      "services": {
        "appinvite_service": {
          "other_platform_oauth_client": [
            {
              "client_id": "654680003521-j30a28fivi4dni8b7vfpb25ovr4vbjfn.apps.googleusercontent.com",
              "client_type": 3
            }
          ]
        }
      }
    }
  ],
  "configuration_version": "1"
}